passenger_id;ticket_no;book_ref
8149604011;5432211370;000181
8499420203;5435630916;00044E
1011752484;5435212379;0004B0
4849400049;5435212338;0004E1
6615976589;5435212382;000511
2021652719;5435212367;00053F
0817363231;5435212332;00054E
2883989356;5435212386;0005E7
3097995546;5435212372;0005F4
6866920231;5435212350;0005FF
6030369450;5435212340;00067B
8675588663;5435212371;0006C3
0764728785;5432211372;00000F
8954972101;5435212337;000012
6772748756;5435725511;000068
7364216524;5435725513;000181
3635182357;5435212362;0002D8
8252507584;5435212363;0002DB
1026982766;5435212383;0002E0
7107950192;5435212361;0002F3
4765014996;5435212333;00034E
3342145536;5435212339;000352
0001745349;5433367230;000374
7273175330;5433367245;0006F5
1370120631;5435212345;000735
5559553314;5435212358;000769
6544483657;5435212369;000784
7011596158;5433367229;0007A9
6772891759;5435212384;0007ED
8116659266;5433656613;0007FC
3542318601;5435212378;000836
8511999561;5435212387;000842
0630169679;5435212346;000859
0085303617;5435212344;000862
8080870126;5435212331;0008DF
3755842338;5435725515;0008F4
2295465854;5435212396;0008FD
4245607929;5435212352;000909
7859943808;5435212381;000917
2765289085;5432211367;00094B
4278618557;5435212360;00098F
5657976071;5433367256;000DC5
9384205645;5435212335;000E07
0544834528;5435212343;000E3A
6365326222;5435212334;000EA2
7686012334;5435212366;000EFA
1564396952;5435212342;000F07
2279938743;5435212368;000F74
8140620813;5435212330;000F7D
9257239781;5435725512;000FAC
5829268568;5435212365;000FD6
7140936574;5435212370;00101D
6055541445;5435212354;00107C
6856343851;5435212357;001089
1989394243;5435212359;00111B
7497108600;5435212392;00114E
5324130395;5435212390;001164
6259021260;5435212377;001184
6849694832;5435212348;001191
9542445779;5433367228;0011A9
2536676370;5433367244;001233
3392878429;5433367225;001269
0207310663;5433367225;001273
6808774590;5433367228;00127A
5582658715;5433367229;00098F
8109611094;5433367230;000999
2489626224;5433367236;0009D5
2811332014;5433367244;0009ED
7198591092;5433367245;000A1E
3262369338;5433367256;000A39
4128658175;5432159775;000AA7
6709734767;5432159776;000AB3
0326266595;5432159777;000ADA
2215922557;5432159778;000B77
2290450397;5432211365;000B91
2467774707;5432211366;000B97
7650555895;5432211367;000BB3
5364307705;5432211368;000BD8
1115708092;5432211369;000BFF
7066161500;5433656614;000C28
6903458379;5433656613;000C2B
2651489583;5435630914;000D3C
5534060462;5435630915;000DBE
1527165464;5435725516;0012C1
1051084909;5435725514;0012E3
8616037931;5435725513;00132C
8557326046;5435725511;00138A
1662000481;5435212375;001436
2432012911;5435212388;00144F
6723926887;5435212373;0014C1
3608388798;5435212374;0014E3
7140268929;5435212341;00150A
8851001440;5435212380;001547
3802843058;5435212347;001628
7953226769;5435212349;0016AD
4046519379;5435212389;0016BD
7906253170;5435212385;0016CB
3499600919;5435212391;0016D0
7634557379;5435212364;0016DE
3040999771;5435212376;001740
